ADAMS,C:\00_SCO\00_Parcels\V3\05_Distribution\01_County_Data_Distribution\00_V300\V300_Final_Deliverable_2\V3.0.0_Wisconsin_Parcels_2017_10.3_Compressed\V3.0.0_Wisconsin_Parcels_2017_10.3_Compressed.gdb\V300_WisconsinParcels_2017,GDB,https://uwmadison.box.com/shared/static/bn7q8t1l3y8qhxxxnh6oxifrvotb0zw7.zip,SHP,https://uwmadison.box.com/shared/static/tapvztosjkzsemfdf876izpr358o6hy6.zip
ASHLAND,C:\00_SCO\00_Parcels\V3\05_Distribution\01_County_Data_Distribution\00_V300\V300_Final_Deliverable_2\V3.0.0_Wisconsin_Parcels_2017_10.3_Compressed\V3.0.0_Wisconsin_Parcels_2017_10.3_Compressed.gdb\V300_WisconsinParcels_2017,GDB,https://uwmadison.box.com/shared/static/1vihv624ej8s3r7lui4stkfa7l6c60tu.zip,SHP,https://uwmadison.box.com/shared/static/wahv537rl4142105sj8pus726a2xycr5.zip
BARRON,C:\00_SCO\00_Parcels\V3\05_Distribution\01_County_Data_Distribution\00_V300\V300_Final_Deliverable_2\V3.0.0_Wisconsin_Parcels_2017_10.3_Compressed\V3.0.0_Wisconsin_Parcels_2017_10.3_Compressed.gdb\V300_WisconsinParcels_2017,GDB,https://uwmadison.box.com/shared/static/03kzjtxpw4kcvh1w3vlk0006ldm21yea.zip,SHP,https://uwmadison.box.com/shared/static/2750l4b1mngm2xzuqbqdmwzrl6t4l156.zip
BAYFIELD,C:\00_SCO\00_Parcels\V3\05_Distribution\01_County_Data_Distribution\00_V300\V300_Final_Deliverable_2\V3.0.0_Wisconsin_Parcels_2017_10.3_Compressed\V3.0.0_Wisconsin_Parcels_2017_10.3_Compressed.gdb\V300_WisconsinParcels_2017,GDB,https://uwmadison.box.com/shared/static/1ngeucprga5o953t2yfsx86vt8042i13.zip,SHP,https://uwmadison.box.com/shared/static/85fb41vnqi8rx0nxslvmg4gdix973dof.zip
BROWN,C:\00_SCO\00_Parcels\V3\05_Distribution\01_County_Data_Distribution\00_V300\V300_Final_Deliverable_2\V3.0.0_Wisconsin_Parcels_2017_10.3_Compressed\V3.0.0_Wisconsin_Parcels_2017_10.3_Compressed.gdb\V300_WisconsinParcels_2017,GDB,https://uwmadison.box.com/shared/static/bxyvjl7f4v4yzvyq7vm4zql4yjlm8owm.zip,SHP,https://uwmadison.box.com/shared/static/db0hzrmdtcxaff4xxdzxpagpn843dvk0.zip
BUFFALO,C:\00_SCO\00_Parcels\V3\05_Distribution\01_County_Data_Distribution\00_V300\V300_Final_Deliverable_2\V3.0.0_Wisconsin_Parcels_2017_10.3_Compressed\V3.0.0_Wisconsin_Parcels_2017_10.3_Compressed.gdb\V300_WisconsinParcels_2017,GDB,https://uwmadison.box.com/shared/static/8xc5dtdryq3fvzzoz6oeigsoqz1trxlo.zip,SHP,https://uwmadison.box.com/shared/static/9xp7xgs5u4frz0g70gsm8buawyf3xi8g.zip
CALUMET,C:\00_SCO\00_Parcels\V3\05_Distribution\01_County_Data_Distribution\00_V300\V300_Final_Deliverable_2\V3.0.0_Wisconsin_Parcels_2017_10.3_Compressed\V3.0.0_Wisconsin_Parcels_2017_10.3_Compressed.gdb\V300_WisconsinParcels_2017,GDB,https://uwmadison.box.com/shared/static/v2tmvxlozvt7kcyjrg8cx8oiok9fbk4t.zip,SHP,https://uwmadison.box.com/shared/static/r82vjff993cbar18jw9iic5syphcn6od.zip
CHIPPEWA,C:\00_SCO\00_Parcels\V3\05_Distribution\01_County_Data_Distribution\00_V300\V300_Final_Deliverable_2\V3.0.0_Wisconsin_Parcels_2017_10.3_Compressed\V3.0.0_Wisconsin_Parcels_2017_10.3_Compressed.gdb\V300_WisconsinParcels_2017,GDB,https://uwmadison.box.com/shared/static/8ocy0gefdy2xhtinseo1qri4q6ysgegf.zip,SHP,https://uwmadison.box.com/shared/static/ni0k4fz8ih1rbidvewixzv4z68xbfslr.zip
CLARK,C:\00_SCO\00_Parcels\V3\05_Distribution\01_County_Data_Distribution\00_V300\V300_Final_Deliverable_2\V3.0.0_Wisconsin_Parcels_2017_10.3_Compressed\V3.0.0_Wisconsin_Parcels_2017_10.3_Compressed.gdb\V300_WisconsinParcels_2017,GDB,https://uwmadison.box.com/shared/static/k8gomw6v28w2ni8mnyr3xhee3fnswqzi.zip,SHP,https://uwmadison.box.com/shared/static/sezcxw4sf8wiqup5ywoh2dsq2p50spht.zip
COLUMBIA,C:\00_SCO\00_Parcels\V3\05_Distribution\01_County_Data_Distribution\00_V300\V300_Final_Deliverable_2\V3.0.0_Wisconsin_Parcels_2017_10.3_Compressed\V3.0.0_Wisconsin_Parcels_2017_10.3_Compressed.gdb\V300_WisconsinParcels_2017,GDB,https://uwmadison.box.com/shared/static/sme9fbg3go9nm5u8r0btn13oxs2l2w1i.zip,SHP,https://uwmadison.box.com/shared/static/5v6cmt7ppuqa641rztsfxdqc296zrbmc.zip
CRAWFORD,C:\00_SCO\00_Parcels\V3\05_Distribution\01_County_Data_Distribution\00_V300\V300_Final_Deliverable_2\V3.0.0_Wisconsin_Parcels_2017_10.3_Compressed\V3.0.0_Wisconsin_Parcels_2017_10.3_Compressed.gdb\V300_WisconsinParcels_2017,GDB,https://uwmadison.box.com/shared/static/x3msol645aaxdhkbcs3bwfehnurf8zzv.zip,SHP,https://uwmadison.box.com/shared/static/2rsusgmet4zmp03h2h9ekgmegj2eibmn.zip
DANE,C:\00_SCO\00_Parcels\V3\05_Distribution\01_County_Data_Distribution\00_V300\V300_Final_Deliverable_2\V3.0.0_Wisconsin_Parcels_2017_10.3_Compressed\V3.0.0_Wisconsin_Parcels_2017_10.3_Compressed.gdb\V300_WisconsinParcels_2017,GDB,https://uwmadison.box.com/shared/static/hdl1fib7hytheb5pkoso0kjid1n2vbfx.zip,SHP,https://uwmadison.box.com/shared/static/k6w8d5aq15sqeobbx8pbvo73phezdg90.zip
DOOR,C:\00_SCO\00_Parcels\V3\05_Distribution\01_County_Data_Distribution\00_V300\V300_Final_Deliverable_2\V3.0.0_Wisconsin_Parcels_2017_10.3_Compressed\V3.0.0_Wisconsin_Parcels_2017_10.3_Compressed.gdb\V300_WisconsinParcels_2017,GDB,https://uwmadison.box.com/shared/static/mqo6gh337sxdr8jm78ae8fwi4u6z7kk7.zip,SHP,https://uwmadison.box.com/shared/static/d78kl18s4j9d1yp6vqan3q5elwvyhsxq.zip
DUNN,C:\00_SCO\00_Parcels\V3\05_Distribution\01_County_Data_Distribution\00_V300\V300_Final_Deliverable_2\V3.0.0_Wisconsin_Parcels_2017_10.3_Compressed\V3.0.0_Wisconsin_Parcels_2017_10.3_Compressed.gdb\V300_WisconsinParcels_2017,GDB,https://uwmadison.box.com/shared/static/zwz3wnulzwf5pvo2g7272punz599tyon.zip,SHP,https://uwmadison.box.com/shared/static/hzv5mf7av0q6q8t8azxmg5fds7nyja2r.zip
EAU CLAIRE,C:\00_SCO\00_Parcels\V3\05_Distribution\01_County_Data_Distribution\00_V300\V300_Final_Deliverable_2\V3.0.0_Wisconsin_Parcels_2017_10.3_Compressed\V3.0.0_Wisconsin_Parcels_2017_10.3_Compressed.gdb\V300_WisconsinParcels_2017,GDB,https://uwmadison.box.com/shared/static/fb28uvbfroky6v13mrm38hv5b7o0j3bc.zip,SHP,https://uwmadison.box.com/shared/static/y3b4la4rzdhbzkwpunezjmmfu77zi95o.zip
FLORENCE,C:\00_SCO\00_Parcels\V3\05_Distribution\01_County_Data_Distribution\00_V300\V300_Final_Deliverable_2\V3.0.0_Wisconsin_Parcels_2017_10.3_Compressed\V3.0.0_Wisconsin_Parcels_2017_10.3_Compressed.gdb\V300_WisconsinParcels_2017,GDB,https://uwmadison.box.com/shared/static/d8ojsi5ww1lij6cceoz6cczbvau5bvmg.zip,SHP,https://uwmadison.box.com/shared/static/7hf2vvsbkpce1u91164zl14xirxn39qk.zip
FOND DU LAC,C:\00_SCO\00_Parcels\V3\05_Distribution\01_County_Data_Distribution\00_V300\V300_Final_Deliverable_2\V3.0.0_Wisconsin_Parcels_2017_10.3_Compressed\V3.0.0_Wisconsin_Parcels_2017_10.3_Compressed.gdb\V300_WisconsinParcels_2017,GDB,https://uwmadison.box.com/shared/static/ed7gfsdz0s3kswxcm4zbzccxwdg7d6uy.zip,SHP,https://uwmadison.box.com/shared/static/2ka9q9sfgejk769w4m5uzbxplqa2sf59.zip
FOREST,C:\00_SCO\00_Parcels\V3\05_Distribution\01_County_Data_Distribution\00_V300\V300_Final_Deliverable_2\V3.0.0_Wisconsin_Parcels_2017_10.3_Compressed\V3.0.0_Wisconsin_Parcels_2017_10.3_Compressed.gdb\V300_WisconsinParcels_2017,GDB,https://uwmadison.box.com/shared/static/6uz0w1wjeidlgcnw232jowdqlgplga7g.zip,SHP,https://uwmadison.box.com/shared/static/artjy5u91ropoieqgkr0zhrdllvwl906.zip
GRANT,C:\00_SCO\00_Parcels\V3\05_Distribution\01_County_Data_Distribution\00_V300\V300_Final_Deliverable_2\V3.0.0_Wisconsin_Parcels_2017_10.3_Compressed\V3.0.0_Wisconsin_Parcels_2017_10.3_Compressed.gdb\V300_WisconsinParcels_2017,GDB,https://uwmadison.box.com/shared/static/c4lgjnckweavo8h8ibaxaepv10ol5hwa.zip,SHP,https://uwmadison.box.com/shared/static/ad6qy8f7vhe98q6o373vpsqfzaawa7x0.zip
GREEN,C:\00_SCO\00_Parcels\V3\05_Distribution\01_County_Data_Distribution\00_V300\V300_Final_Deliverable_2\V3.0.0_Wisconsin_Parcels_2017_10.3_Compressed\V3.0.0_Wisconsin_Parcels_2017_10.3_Compressed.gdb\V300_WisconsinParcels_2017,GDB,https://uwmadison.box.com/shared/static/batt56obwaa7yhehcji8dfbhj53xdymh.zip,SHP,https://uwmadison.box.com/shared/static/l53h9f3qw2dhmc6ll1kg53mge0th6c8b.zip
IRON,C:\00_SCO\00_Parcels\V3\05_Distribution\01_County_Data_Distribution\00_V300\V300_Final_Deliverable_2\V3.0.0_Wisconsin_Parcels_2017_10.3_Compressed\V3.0.0_Wisconsin_Parcels_2017_10.3_Compressed.gdb\V300_WisconsinParcels_2017,GDB,https://uwmadison.box.com/shared/static/n9sjocu2y0y7aeqprgonv79otuv9r2cg.zip,SHP,https://uwmadison.box.com/shared/static/534gwvbc7s5zdzgkk2n9fos1ll7l8oph.zip
JACKSON,C:\00_SCO\00_Parcels\V3\05_Distribution\01_County_Data_Distribution\00_V300\V300_Final_Deliverable_2\V3.0.0_Wisconsin_Parcels_2017_10.3_Compressed\V3.0.0_Wisconsin_Parcels_2017_10.3_Compressed.gdb\V300_WisconsinParcels_2017,GDB,https://uwmadison.box.com/shared/static/ik1idqc2rqlzek1ome4sfsl9i0trroie.zip,SHP,https://uwmadison.box.com/shared/static/yem1o2dkb44x3atgaagq3tyzzlpzlh1c.zip
JEFFERSON,C:\00_SCO\00_Parcels\V3\05_Distribution\01_County_Data_Distribution\00_V300\V300_Final_Deliverable_2\V3.0.0_Wisconsin_Parcels_2017_10.3_Compressed\V3.0.0_Wisconsin_Parcels_2017_10.3_Compressed.gdb\V300_WisconsinParcels_2017,GDB,https://uwmadison.box.com/shared/static/ufhqmnd58q6eq8tm5zodkdk1h2inqaiy.zip,SHP,https://uwmadison.box.com/shared/static/ic4pcd9dqhltsiutajco5i89uc6nvotp.zip
JUNEAU,C:\00_SCO\00_Parcels\V3\05_Distribution\01_County_Data_Distribution\00_V300\V300_Final_Deliverable_2\V3.0.0_Wisconsin_Parcels_2017_10.3_Compressed\V3.0.0_Wisconsin_Parcels_2017_10.3_Compressed.gdb\V300_WisconsinParcels_2017,GDB,https://uwmadison.box.com/shared/static/8dl0vrcis4fex2d96hpv0aycn61p4hfk.zip,SHP,https://uwmadison.box.com/shared/static/08omyvazseqhczzieer749beofda0r2h.zip
KENOSHA,C:\00_SCO\00_Parcels\V3\05_Distribution\01_County_Data_Distribution\00_V300\V300_Final_Deliverable_2\V3.0.0_Wisconsin_Parcels_2017_10.3_Compressed\V3.0.0_Wisconsin_Parcels_2017_10.3_Compressed.gdb\V300_WisconsinParcels_2017,GDB,https://uwmadison.box.com/shared/static/vc7h1ha8e9xj3gg6nv3caxcjhoi0e545.zip,SHP,https://uwmadison.box.com/shared/static/mf8evs0bjbgi8qrzqls3320qiwtfpzxf.zip
KEWAUNEE,C:\00_SCO\00_Parcels\V3\05_Distribution\01_County_Data_Distribution\00_V300\V300_Final_Deliverable_2\V3.0.0_Wisconsin_Parcels_2017_10.3_Compressed\V3.0.0_Wisconsin_Parcels_2017_10.3_Compressed.gdb\V300_WisconsinParcels_2017,GDB,https://uwmadison.box.com/shared/static/sidzns0166rgjftpmyvpabcv1n0tkgw7.zip,SHP,https://uwmadison.box.com/shared/static/jthr3yjo2wkb6rtymf487rovaugpvytc.zip
LA CROSSE,C:\00_SCO\00_Parcels\V3\05_Distribution\01_County_Data_Distribution\00_V300\V300_Final_Deliverable_2\V3.0.0_Wisconsin_Parcels_2017_10.3_Compressed\V3.0.0_Wisconsin_Parcels_2017_10.3_Compressed.gdb\V300_WisconsinParcels_2017,GDB,https://uwmadison.box.com/shared/static/i10o7el09ey4pdafxr48yrig82dwzgtt.zip,SHP,https://uwmadison.box.com/shared/static/s34bvu5jacfki0w9ybyebxl4vv69wf8x.zip
LAFAYETTE,C:\00_SCO\00_Parcels\V3\05_Distribution\01_County_Data_Distribution\00_V300\V300_Final_Deliverable_2\V3.0.0_Wisconsin_Parcels_2017_10.3_Compressed\V3.0.0_Wisconsin_Parcels_2017_10.3_Compressed.gdb\V300_WisconsinParcels_2017,GDB,https://uwmadison.box.com/shared/static/2zqc86obtzyo7r0mzf9d60mhmpr8r93t.zip,SHP,https://uwmadison.box.com/shared/static/udyhfbitkw0mcw4sifhf42v1vhpnohvt.zip
LANGLADE,C:\00_SCO\00_Parcels\V3\05_Distribution\01_County_Data_Distribution\00_V300\V300_Final_Deliverable_2\V3.0.0_Wisconsin_Parcels_2017_10.3_Compressed\V3.0.0_Wisconsin_Parcels_2017_10.3_Compressed.gdb\V300_WisconsinParcels_2017,GDB,https://uwmadison.box.com/shared/static/uv36pp8qxs2wevd2qev4163tt7luhnr2.zip,SHP,https://uwmadison.box.com/shared/static/azssmhbggaefexdzbvqpk4klr48enofi.zip
LINCOLN,C:\00_SCO\00_Parcels\V3\05_Distribution\01_County_Data_Distribution\00_V300\V300_Final_Deliverable_2\V3.0.0_Wisconsin_Parcels_2017_10.3_Compressed\V3.0.0_Wisconsin_Parcels_2017_10.3_Compressed.gdb\V300_WisconsinParcels_2017,GDB,https://uwmadison.box.com/shared/static/brs1b90218h61mnke6mtwyu0tp99ur4s.zip,SHP,https://uwmadison.box.com/shared/static/wvdvlgt2u10dflk7fi7pjhlj9bfakk3w.zip
MARINETTE,C:\00_SCO\00_Parcels\V3\05_Distribution\01_County_Data_Distribution\00_V300\V300_Final_Deliverable_2\V3.0.0_Wisconsin_Parcels_2017_10.3_Compressed\V3.0.0_Wisconsin_Parcels_2017_10.3_Compressed.gdb\V300_WisconsinParcels_2017,GDB,https://uwmadison.box.com/shared/static/0sv0xlspqzim10pkvdue2sow72dp4r7u.zip,SHP,https://uwmadison.box.com/shared/static/2qcsx2sdlloeisnssfrraq3vvghgqfox.zip
MARQUETTE,C:\00_SCO\00_Parcels\V3\05_Distribution\01_County_Data_Distribution\00_V300\V300_Final_Deliverable_2\V3.0.0_Wisconsin_Parcels_2017_10.3_Compressed\V3.0.0_Wisconsin_Parcels_2017_10.3_Compressed.gdb\V300_WisconsinParcels_2017,GDB,https://uwmadison.box.com/shared/static/7qrzyf1xcm44vcw2v1e56yzduw5lsvn5.zip,SHP,https://uwmadison.box.com/shared/static/n6r9nu5lxk9rgal243gg6253tm7ii7fn.zip
MENOMINEE,C:\00_SCO\00_Parcels\V3\05_Distribution\01_County_Data_Distribution\00_V300\V300_Final_Deliverable_2\V3.0.0_Wisconsin_Parcels_2017_10.3_Compressed\V3.0.0_Wisconsin_Parcels_2017_10.3_Compressed.gdb\V300_WisconsinParcels_2017,GDB,https://uwmadison.box.com/shared/static/qinxp2ey88etfrjzmpnt5zcyozfq4vp8.zip,SHP,https://uwmadison.box.com/shared/static/bi2vpqxnupma7q54aiegoogrkt17z5zt.zip
MONROE,C:\00_SCO\00_Parcels\V3\05_Distribution\01_County_Data_Distribution\00_V300\V300_Final_Deliverable_2\V3.0.0_Wisconsin_Parcels_2017_10.3_Compressed\V3.0.0_Wisconsin_Parcels_2017_10.3_Compressed.gdb\V300_WisconsinParcels_2017,GDB,https://uwmadison.box.com/shared/static/jtkmvw3upsk4gv6ttw29w8jv1j1o204t.zip,SHP,https://uwmadison.box.com/shared/static/3xgib9ekul8cqjwm1bd98dbss8oafklf.zip
ONEIDA,C:\00_SCO\00_Parcels\V3\05_Distribution\01_County_Data_Distribution\00_V300\V300_Final_Deliverable_2\V3.0.0_Wisconsin_Parcels_2017_10.3_Compressed\V3.0.0_Wisconsin_Parcels_2017_10.3_Compressed.gdb\V300_WisconsinParcels_2017,GDB,https://uwmadison.box.com/shared/static/22laknxwyhu2jtx47keugyso0yqpzhz7.zip,SHP,https://uwmadison.box.com/shared/static/7eqob2er3z4ma5tksgh606y8e2weqzef.zip
OUTAGAMIE,C:\00_SCO\00_Parcels\V3\05_Distribution\01_County_Data_Distribution\00_V300\V300_Final_Deliverable_2\V3.0.0_Wisconsin_Parcels_2017_10.3_Compressed\V3.0.0_Wisconsin_Parcels_2017_10.3_Compressed.gdb\V300_WisconsinParcels_2017,GDB,https://uwmadison.box.com/shared/static/7c370iwid3n26kxjbsv4rwuxeh846py6.zip,SHP,https://uwmadison.box.com/shared/static/73czi0nybcdiihtsxrqt9f2oy0ecf94t.zip
PEPIN,C:\00_SCO\00_Parcels\V3\05_Distribution\01_County_Data_Distribution\00_V300\V300_Final_Deliverable_2\V3.0.0_Wisconsin_Parcels_2017_10.3_Compressed\V3.0.0_Wisconsin_Parcels_2017_10.3_Compressed.gdb\V300_WisconsinParcels_2017,GDB,https://uwmadison.box.com/shared/static/up485frqytowq3v0kgdbj9jy79q429qb.zip,SHP,https://uwmadison.box.com/shared/static/epr13uiylt7nqtdtngbkl9iuo2cpp0p7.zip
PIERCE,C:\00_SCO\00_Parcels\V3\05_Distribution\01_County_Data_Distribution\00_V300\V300_Final_Deliverable_2\V3.0.0_Wisconsin_Parcels_2017_10.3_Compressed\V3.0.0_Wisconsin_Parcels_2017_10.3_Compressed.gdb\V300_WisconsinParcels_2017,GDB,https://uwmadison.box.com/shared/static/v5tkr7wyb9h9ktsfq8msf4n9evm3mgfi.zip,SHP,https://uwmadison.box.com/shared/static/fq9hd7owgc1n6r36b27w5yvtsfiffkqt.zip
POLK,C:\00_SCO\00_Parcels\V3\05_Distribution\01_County_Data_Distribution\00_V300\V300_Final_Deliverable_2\V3.0.0_Wisconsin_Parcels_2017_10.3_Compressed\V3.0.0_Wisconsin_Parcels_2017_10.3_Compressed.gdb\V300_WisconsinParcels_2017,GDB,https://uwmadison.box.com/shared/static/lh8cq2aczks8aocbh6q0rsqjlbgxnk0x.zip,SHP,https://uwmadison.box.com/shared/static/vky97j44lihx08fnrl47plwxt1xy91la.zip
PORTAGE,C:\00_SCO\00_Parcels\V3\05_Distribution\01_County_Data_Distribution\00_V300\V300_Final_Deliverable_2\V3.0.0_Wisconsin_Parcels_2017_10.3_Compressed\V3.0.0_Wisconsin_Parcels_2017_10.3_Compressed.gdb\V300_WisconsinParcels_2017,GDB,https://uwmadison.box.com/shared/static/3img2v4z33d9fzntqwk81jx64z2ejfti.zip,SHP,https://uwmadison.box.com/shared/static/6v1rc3rzgdwzkt7fu9dcie78ioioiwfl.zip
PRICE,C:\00_SCO\00_Parcels\V3\05_Distribution\01_County_Data_Distribution\00_V300\V300_Final_Deliverable_2\V3.0.0_Wisconsin_Parcels_2017_10.3_Compressed\V3.0.0_Wisconsin_Parcels_2017_10.3_Compressed.gdb\V300_WisconsinParcels_2017,GDB,https://uwmadison.box.com/shared/static/v7x2f7rp28g5xh0fxmdanj36aexpj83n.zip,SHP,https://uwmadison.box.com/shared/static/c9pxhnbiezwo8npnvhpwxh1ltnqrbuw2.zip
RICHLAND,C:\00_SCO\00_Parcels\V3\05_Distribution\01_County_Data_Distribution\00_V300\V300_Final_Deliverable_2\V3.0.0_Wisconsin_Parcels_2017_10.3_Compressed\V3.0.0_Wisconsin_Parcels_2017_10.3_Compressed.gdb\V300_WisconsinParcels_2017,GDB,https://uwmadison.box.com/shared/static/te1khhcriim0x71if2g50oeowc38odp5.zip,SHP,https://uwmadison.box.com/shared/static/wx20m9pba4n7wxlxp2nrlrc7uj31av7o.zip
ROCK,C:\00_SCO\00_Parcels\V3\05_Distribution\01_County_Data_Distribution\00_V300\V300_Final_Deliverable_2\V3.0.0_Wisconsin_Parcels_2017_10.3_Compressed\V3.0.0_Wisconsin_Parcels_2017_10.3_Compressed.gdb\V300_WisconsinParcels_2017,GDB,https://uwmadison.box.com/shared/static/55wi0tfctly2wzkqwumfmr5wgdh122cw.zip,SHP,https://uwmadison.box.com/shared/static/kthefu7mw9qam0968p2bhexgpfgj0udq.zip
RUSK,C:\00_SCO\00_Parcels\V3\05_Distribution\01_County_Data_Distribution\00_V300\V300_Final_Deliverable_2\V3.0.0_Wisconsin_Parcels_2017_10.3_Compressed\V3.0.0_Wisconsin_Parcels_2017_10.3_Compressed.gdb\V300_WisconsinParcels_2017,GDB,https://uwmadison.box.com/shared/static/pb1lvz6tyuo5s3m38hf99z5c9o39wqie.zip,SHP,https://uwmadison.box.com/shared/static/w9n7b7t3gq2czye89bgte4n29u4eiri6.zip
SAUK,C:\00_SCO\00_Parcels\V3\05_Distribution\01_County_Data_Distribution\00_V300\V300_Final_Deliverable_2\V3.0.0_Wisconsin_Parcels_2017_10.3_Compressed\V3.0.0_Wisconsin_Parcels_2017_10.3_Compressed.gdb\V300_WisconsinParcels_2017,GDB,https://uwmadison.box.com/shared/static/c8759s5acou2nlxfpupr19d59m7r8yo3.zip,SHP,https://uwmadison.box.com/shared/static/01uvypyi2sskbtvfmpgnjm3pyzp3b8fe.zip
SAWYER,C:\00_SCO\00_Parcels\V3\05_Distribution\01_County_Data_Distribution\00_V300\V300_Final_Deliverable_2\V3.0.0_Wisconsin_Parcels_2017_10.3_Compressed\V3.0.0_Wisconsin_Parcels_2017_10.3_Compressed.gdb\V300_WisconsinParcels_2017,GDB,https://uwmadison.box.com/shared/static/n6omnl0hrour8b3k93p18x76fk3oj79d.zip,SHP,https://uwmadison.box.com/shared/static/jz1m0y2ip9c30ttg3r0gkr95k6qv4kgn.zip
SHAWANO,C:\00_SCO\00_Parcels\V3\05_Distribution\01_County_Data_Distribution\00_V300\V300_Final_Deliverable_2\V3.0.0_Wisconsin_Parcels_2017_10.3_Compressed\V3.0.0_Wisconsin_Parcels_2017_10.3_Compressed.gdb\V300_WisconsinParcels_2017,GDB,https://uwmadison.box.com/shared/static/97pm8wl9gk5y6b8yebmcf3tnir629dx4.zip,SHP,https://uwmadison.box.com/shared/static/fcjfg2dnrywqr0ec091j0tslouankxsw.zip
ST CROIX,C:\00_SCO\00_Parcels\V3\05_Distribution\01_County_Data_Distribution\00_V300\V300_Final_Deliverable_2\V3.0.0_Wisconsin_Parcels_2017_10.3_Compressed\V3.0.0_Wisconsin_Parcels_2017_10.3_Compressed.gdb\V300_WisconsinParcels_2017,GDB,https://uwmadison.box.com/shared/static/911um007kz63iahxd5aop2f2fdi9yb7v.zip,SHP,https://uwmadison.box.com/shared/static/ax5f33qe5dgd6ssud8wxmhualcirqwkn.zip
TAYLOR,C:\00_SCO\00_Parcels\V3\05_Distribution\01_County_Data_Distribution\00_V300\V300_Final_Deliverable_2\V3.0.0_Wisconsin_Parcels_2017_10.3_Compressed\V3.0.0_Wisconsin_Parcels_2017_10.3_Compressed.gdb\V300_WisconsinParcels_2017,GDB,https://uwmadison.box.com/shared/static/7q7g39scowuux0v5vcba1ltxuym79bvy.zip,SHP,https://uwmadison.box.com/shared/static/5ovrc174abck244xi8om05u21zhv4j96.zip
TREMPEALEAU,C:\00_SCO\00_Parcels\V3\05_Distribution\01_County_Data_Distribution\00_V300\V300_Final_Deliverable_2\V3.0.0_Wisconsin_Parcels_2017_10.3_Compressed\V3.0.0_Wisconsin_Parcels_2017_10.3_Compressed.gdb\V300_WisconsinParcels_2017,GDB,https://uwmadison.box.com/shared/static/pp9oierxkz5szvsl7xk6yc6i4ewe1yuc.zip,SHP,https://uwmadison.box.com/shared/static/8u84677ebd7g9r9o4dty6bxfej4cnv4u.zip
VERNON,C:\00_SCO\00_Parcels\V3\05_Distribution\01_County_Data_Distribution\00_V300\V300_Final_Deliverable_2\V3.0.0_Wisconsin_Parcels_2017_10.3_Compressed\V3.0.0_Wisconsin_Parcels_2017_10.3_Compressed.gdb\V300_WisconsinParcels_2017,GDB,https://uwmadison.box.com/shared/static/u3wv93dolp9zz2tzl8yp73tdqx6q6tjb.zip,SHP,https://uwmadison.box.com/shared/static/gz58jl97hee6ey2sii369ke7dao29gft.zip
VILAS,C:\00_SCO\00_Parcels\V3\05_Distribution\01_County_Data_Distribution\00_V300\V300_Final_Deliverable_2\V3.0.0_Wisconsin_Parcels_2017_10.3_Compressed\V3.0.0_Wisconsin_Parcels_2017_10.3_Compressed.gdb\V300_WisconsinParcels_2017,GDB,https://uwmadison.box.com/shared/static/zo3rb42niuen4rtks32y78xgm41tziw1.zip,SHP,https://uwmadison.box.com/shared/static/er8d6bq2qbxj47z5iwyym3o8lxs6ytez.zip
WALWORTH,C:\00_SCO\00_Parcels\V3\05_Distribution\01_County_Data_Distribution\00_V300\V300_Final_Deliverable_2\V3.0.0_Wisconsin_Parcels_2017_10.3_Compressed\V3.0.0_Wisconsin_Parcels_2017_10.3_Compressed.gdb\V300_WisconsinParcels_2017,GDB,https://uwmadison.box.com/shared/static/52ezwcwef3odrc7rkcrywxgappmhbrfy.zip,SHP,https://uwmadison.box.com/shared/static/u1o1d4xp13b0s5acnvj8yerj5gw02s8d.zip
WASHBURN,C:\00_SCO\00_Parcels\V3\05_Distribution\01_County_Data_Distribution\00_V300\V300_Final_Deliverable_2\V3.0.0_Wisconsin_Parcels_2017_10.3_Compressed\V3.0.0_Wisconsin_Parcels_2017_10.3_Compressed.gdb\V300_WisconsinParcels_2017,GDB,https://uwmadison.box.com/shared/static/uztlnwslw6fr8pjk6iqprr7d88of00l2.zip,SHP,https://uwmadison.box.com/shared/static/kqa2glxdqfzybiohleybqeveel9qv308.zip
WAUKESHA,C:\00_SCO\00_Parcels\V3\05_Distribution\01_County_Data_Distribution\00_V300\V300_Final_Deliverable_2\V3.0.0_Wisconsin_Parcels_2017_10.3_Compressed\V3.0.0_Wisconsin_Parcels_2017_10.3_Compressed.gdb\V300_WisconsinParcels_2017,GDB,https://uwmadison.box.com/shared/static/jjma7t50jew8iuvg2whnww8cc9am82f7.zip,SHP,https://uwmadison.box.com/shared/static/go66yyfhrcsk6z43fvpnwfz4sp74y3kc.zip
WAUPACA,C:\00_SCO\00_Parcels\V3\05_Distribution\01_County_Data_Distribution\00_V300\V300_Final_Deliverable_2\V3.0.0_Wisconsin_Parcels_2017_10.3_Compressed\V3.0.0_Wisconsin_Parcels_2017_10.3_Compressed.gdb\V300_WisconsinParcels_2017,GDB,https://uwmadison.box.com/shared/static/093u8u5ev0t6b9696gu5fh14l65ojd1r.zip,SHP,https://uwmadison.box.com/shared/static/cd12nys7v1vvsa3v1nti0dbptnunubi4.zip
WAUSHARA,C:\00_SCO\00_Parcels\V3\05_Distribution\01_County_Data_Distribution\00_V300\V300_Final_Deliverable_2\V3.0.0_Wisconsin_Parcels_2017_10.3_Compressed\V3.0.0_Wisconsin_Parcels_2017_10.3_Compressed.gdb\V300_WisconsinParcels_2017,GDB,https://uwmadison.box.com/shared/static/2sm5m9gvqio2deri5tia9m49qw79g823.zip,SHP,https://uwmadison.box.com/shared/static/xv3zqcpxwzh9ntq9s8l75b8hb7xcup9c.zip
WINNEBAGO,C:\00_SCO\00_Parcels\V3\05_Distribution\01_County_Data_Distribution\00_V300\V300_Final_Deliverable_2\V3.0.0_Wisconsin_Parcels_2017_10.3_Compressed\V3.0.0_Wisconsin_Parcels_2017_10.3_Compressed.gdb\V300_WisconsinParcels_2017,GDB,https://uwmadison.box.com/shared/static/x41mvrcd152i01utevc5ji7ytgq23qkz.zip,SHP,https://uwmadison.box.com/shared/static/n1xvtg69sf7gk3kgfvzcu12s854awb4j.zip
WOOD,C:\00_SCO\00_Parcels\V3\05_Distribution\01_County_Data_Distribution\00_V300\V300_Final_Deliverable_2\V3.0.0_Wisconsin_Parcels_2017_10.3_Compressed\V3.0.0_Wisconsin_Parcels_2017_10.3_Compressed.gdb\V300_WisconsinParcels_2017,GDB,https://uwmadison.box.com/shared/static/ub5afpaxg6fjwasretngp9pzwfavydc6.zip,SHP,https://uwmadison.box.com/shared/static/99s52c4cxs2olz72x0xp64w50u9zvtz0.zip
BURNETT,C:\00_SCO\00_Parcels\V3\05_Distribution\01_County_Data_Distribution\00_V300\V300_Final_Deliverable_2\V3.0.0_Wisconsin_Parcels_2017_10.3_Compressed\V3.0.0_Wisconsin_Parcels_2017_10.3_Compressed.gdb\V300_WisconsinParcels_2017,GDB,https://uwmadison.box.com/shared/static/6qr9tilelpefuseaxk7cmhryu0mv80l0.zip,SHP,https://uwmadison.box.com/shared/static/e95hjg5cfnot561qdx1hh084kppzdxyi.zip
DODGE,C:\00_SCO\00_Parcels\V3\05_Distribution\01_County_Data_Distribution\00_V300\V300_Final_Deliverable_2\V3.0.0_Wisconsin_Parcels_2017_10.3_Compressed\V3.0.0_Wisconsin_Parcels_2017_10.3_Compressed.gdb\V300_WisconsinParcels_2017,GDB,https://uwmadison.box.com/shared/static/lk8zdyt63by2s4qftvct3k7dc5hstk1a.zip,SHP,https://uwmadison.box.com/shared/static/ztgoufe6ot1c2wclq4rf1uit4efhiqk6.zip
GREEN LAKE,C:\00_SCO\00_Parcels\V3\05_Distribution\01_County_Data_Distribution\00_V300\V300_Final_Deliverable_2\V3.0.0_Wisconsin_Parcels_2017_10.3_Compressed\V3.0.0_Wisconsin_Parcels_2017_10.3_Compressed.gdb\V300_WisconsinParcels_2017,GDB,https://uwmadison.box.com/shared/static/60al3ygk6fwc1qumsw8eqgkmj474alpu.zip,SHP,https://uwmadison.box.com/shared/static/znvllargn9jomn67bs1fjxwsjhew3b9b.zip
IOWA,C:\00_SCO\00_Parcels\V3\05_Distribution\01_County_Data_Distribution\00_V300\V300_Final_Deliverable_2\V3.0.0_Wisconsin_Parcels_2017_10.3_Compressed\V3.0.0_Wisconsin_Parcels_2017_10.3_Compressed.gdb\V300_WisconsinParcels_2017,GDB,https://uwmadison.box.com/shared/static/azi54q77e85z3xrqkt9nfbm76mxc28ka.zip,SHP,https://uwmadison.box.com/shared/static/fkdd1kyi3xid7wbr34wicvtoernnyaxn.zip
MANITOWOC,C:\00_SCO\00_Parcels\V3\05_Distribution\01_County_Data_Distribution\00_V300\V300_Final_Deliverable_2\V3.0.0_Wisconsin_Parcels_2017_10.3_Compressed\V3.0.0_Wisconsin_Parcels_2017_10.3_Compressed.gdb\V300_WisconsinParcels_2017,GDB,https://uwmadison.box.com/shared/static/xpx24pa4f5twsz12h5ahb5oj54vn5qs9.zip,SHP,https://uwmadison.box.com/shared/static/vg6nrpl5lb8353cxojevhjjsajdl17aw.zip
MARATHON,C:\00_SCO\00_Parcels\V3\05_Distribution\01_County_Data_Distribution\00_V300\V300_Final_Deliverable_2\V3.0.0_Wisconsin_Parcels_2017_10.3_Compressed\V3.0.0_Wisconsin_Parcels_2017_10.3_Compressed.gdb\V300_WisconsinParcels_2017,GDB,https://uwmadison.box.com/shared/static/rsekzs6jigh85eyk4o539s0n9kazcsg4.zip,SHP,https://uwmadison.box.com/shared/static/86f3r7pd6runsup6jux3rp78amq3m15q.zip
MILWAUKEE,C:\00_SCO\00_Parcels\V3\05_Distribution\01_County_Data_Distribution\00_V300\V300_Final_Deliverable_2\V3.0.0_Wisconsin_Parcels_2017_10.3_Compressed\V3.0.0_Wisconsin_Parcels_2017_10.3_Compressed.gdb\V300_WisconsinParcels_2017,GDB,https://uwmadison.box.com/shared/static/t8hy7cbs0ll55k0sdlwkxs6bum6tdvyo.zip,SHP,https://uwmadison.box.com/shared/static/2hpxsnxg6zu3mjxln0r7jstsa7oyjpa0.zip
OCONTO,C:\00_SCO\00_Parcels\V3\05_Distribution\01_County_Data_Distribution\00_V300\V300_Final_Deliverable_2\V3.0.0_Wisconsin_Parcels_2017_10.3_Compressed\V3.0.0_Wisconsin_Parcels_2017_10.3_Compressed.gdb\V300_WisconsinParcels_2017,GDB,https://uwmadison.box.com/shared/static/rhoygi1ws5k2o45h5agqnj786fqxiqnh.zip,SHP,https://uwmadison.box.com/shared/static/pvbyanbslqlw7oot1ffqvyp2t3shs9pt.zip
OZAUKEE,C:\00_SCO\00_Parcels\V3\05_Distribution\01_County_Data_Distribution\00_V300\V300_Final_Deliverable_2\V3.0.0_Wisconsin_Parcels_2017_10.3_Compressed\V3.0.0_Wisconsin_Parcels_2017_10.3_Compressed.gdb\V300_WisconsinParcels_2017,GDB,https://uwmadison.box.com/shared/static/q29ni72yphhibwzoagmbxqnzxhqh34hu.zip,SHP,https://uwmadison.box.com/shared/static/ybaidxkz5v3288bf7xiza7f0jsyhzxwi.zip
RACINE,C:\00_SCO\00_Parcels\V3\05_Distribution\01_County_Data_Distribution\00_V300\V300_Final_Deliverable_2\V3.0.0_Wisconsin_Parcels_2017_10.3_Compressed\V3.0.0_Wisconsin_Parcels_2017_10.3_Compressed.gdb\V300_WisconsinParcels_2017,GDB,https://uwmadison.box.com/shared/static/r0dquptq1fwid9b01l3n3dr4ef8elbxm.zip,SHP,https://uwmadison.box.com/shared/static/0h42pw7spxksplo8vei9uwwmoeffoxoj.zip
SHEBOYGAN,C:\00_SCO\00_Parcels\V3\05_Distribution\01_County_Data_Distribution\00_V300\V300_Final_Deliverable_2\V3.0.0_Wisconsin_Parcels_2017_10.3_Compressed\V3.0.0_Wisconsin_Parcels_2017_10.3_Compressed.gdb\V300_WisconsinParcels_2017,GDB,https://uwmadison.box.com/shared/static/85yo3chao5otu3fhamikwy73b7nijx6g.zip,SHP,https://uwmadison.box.com/shared/static/dx1wwccz445dtz9l0m7tejzgkin3e8ax.zip
WASHINGTON,C:\00_SCO\00_Parcels\V3\05_Distribution\01_County_Data_Distribution\00_V300\V300_Final_Deliverable_2\V3.0.0_Wisconsin_Parcels_2017_10.3_Compressed\V3.0.0_Wisconsin_Parcels_2017_10.3_Compressed.gdb\V300_WisconsinParcels_2017,GDB,https://uwmadison.box.com/shared/static/puora03tkjdgq8jj2vpvibc7rr3gycfb.zip,SHP,https://uwmadison.box.com/shared/static/4hqh3i5sfpu00kswlgvz4qiz48odqste.zip
ADAMS,C:\Users\csee\Downloads\V1.0.1_Wisconsin_Parcels_2015_uncompressed.gdb\V101_Wisconsin_Parcels_2015,GDB,https://uwmadison.box.com/shared/static/f25bv0qnlucrexf0uzbu7sf5ig9pu5te.zip,SHP,https://uwmadison.box.com/shared/static/01lg4jyflib0pv0wjlx2wv3c4fx9yxxy.zip
ASHLAND,C:\Users\csee\Downloads\V1.0.1_Wisconsin_Parcels_2015_uncompressed.gdb\V101_Wisconsin_Parcels_2015,GDB,https://uwmadison.box.com/shared/static/7smxz1paiie5r7xnwv777ncomyb7jv6l.zip,SHP,https://uwmadison.box.com/shared/static/xx4die3gsj9ums0pong969k8qdjku8qj.zip
BARRON,C:\Users\csee\Downloads\V1.0.1_Wisconsin_Parcels_2015_uncompressed.gdb\V101_Wisconsin_Parcels_2015,GDB,https://uwmadison.box.com/shared/static/daw3r1877lyy64n67gwtjfczpnkb0da0.zip,SHP,https://uwmadison.box.com/shared/static/4mwi2k9rcc98bdx5wjbt0f7imdryofvm.zip
BAYFIELD,C:\Users\csee\Downloads\V1.0.1_Wisconsin_Parcels_2015_uncompressed.gdb\V101_Wisconsin_Parcels_2015,GDB,https://uwmadison.box.com/shared/static/qn8dhoy4qkwjyzug60p2zxyfyk1ebbj8.zip,SHP,https://uwmadison.box.com/shared/static/h7x9bbvte7g0phkp21m3swe7mh0l4ge9.zip
BROWN,C:\Users\csee\Downloads\V1.0.1_Wisconsin_Parcels_2015_uncompressed.gdb\V101_Wisconsin_Parcels_2015,GDB,https://uwmadison.box.com/shared/static/s0aaalp5ym530ny33ljsjvh5j1hva7az.zip,SHP,https://uwmadison.box.com/shared/static/udh87191wc2mkqila3gzlqswtwl3zun4.zip
BUFFALO,C:\Users\csee\Downloads\V1.0.1_Wisconsin_Parcels_2015_uncompressed.gdb\V101_Wisconsin_Parcels_2015,GDB,https://uwmadison.box.com/shared/static/2rfbfigtk4dsfuhspupsl9dzh4weqv0k.zip,SHP,https://uwmadison.box.com/shared/static/sbws149tl7img9su21te5p6jzu5qf6yk.zip
BURNETT,C:\Users\csee\Downloads\V1.0.1_Wisconsin_Parcels_2015_uncompressed.gdb\V101_Wisconsin_Parcels_2015,GDB,https://uwmadison.box.com/shared/static/8pz201m3ckgy35lvvq6odutgknolffd2.zip,SHP,https://uwmadison.box.com/shared/static/9joxcmz7jydlaonatvzjamvgumlx71qt.zip
CALUMET,C:\Users\csee\Downloads\V1.0.1_Wisconsin_Parcels_2015_uncompressed.gdb\V101_Wisconsin_Parcels_2015,GDB,https://uwmadison.box.com/shared/static/uensh296cgm78psbyglv2e50i68i45fk.zip,SHP,https://uwmadison.box.com/shared/static/lu3adih8bn9cen275ih9gjhk2psoq8ch.zip
CHIPPEWA,C:\Users\csee\Downloads\V1.0.1_Wisconsin_Parcels_2015_uncompressed.gdb\V101_Wisconsin_Parcels_2015,GDB,https://uwmadison.box.com/shared/static/4587bylaiel8p599f5qg6n2046x7de4s.zip,SHP,https://uwmadison.box.com/shared/static/bm8l2xrbaf78nhe39j32c2y2mfa602fr.zip
CLARK,C:\Users\csee\Downloads\V1.0.1_Wisconsin_Parcels_2015_uncompressed.gdb\V101_Wisconsin_Parcels_2015,GDB,https://uwmadison.box.com/shared/static/lkstgk0iv64iclatoppfvjyqil65h1g9.zip,SHP,https://uwmadison.box.com/shared/static/wkuzkhsobsxv7dxs7dx2ebj310h0vmxs.zip
COLUMBIA,C:\Users\csee\Downloads\V1.0.1_Wisconsin_Parcels_2015_uncompressed.gdb\V101_Wisconsin_Parcels_2015,GDB,https://uwmadison.box.com/shared/static/pwn7punyibd5gylg71f0yedswvjlypgp.zip,SHP,https://uwmadison.box.com/shared/static/r7a6o2njyts5m1k82o1jkc7i7k8umxqk.zip
CRAWFORD,C:\Users\csee\Downloads\V1.0.1_Wisconsin_Parcels_2015_uncompressed.gdb\V101_Wisconsin_Parcels_2015,GDB,https://uwmadison.box.com/shared/static/2k8a1bar3ie57cz0je9ulgzx71na9dds.zip,SHP,https://uwmadison.box.com/shared/static/7xsaisdsuqpir33ucbicpkig9c6qnp9v.zip
DANE,C:\Users\csee\Downloads\V1.0.1_Wisconsin_Parcels_2015_uncompressed.gdb\V101_Wisconsin_Parcels_2015,GDB,https://uwmadison.box.com/shared/static/r4xxdza6rotmcw48ktzypxwa64q002au.zip,SHP,https://uwmadison.box.com/shared/static/96t3yq3w6wr406dkeqj78w7o2v4v9tqs.zip
DODGE,C:\Users\csee\Downloads\V1.0.1_Wisconsin_Parcels_2015_uncompressed.gdb\V101_Wisconsin_Parcels_2015,GDB,https://uwmadison.box.com/shared/static/ijh8riqauyozz5rhzzk9z82bv61s5fno.zip,SHP,https://uwmadison.box.com/shared/static/lrcvibizzqem5ux4290c4wv95jhv9nm9.zip
DOOR,C:\Users\csee\Downloads\V1.0.1_Wisconsin_Parcels_2015_uncompressed.gdb\V101_Wisconsin_Parcels_2015,GDB,https://uwmadison.box.com/shared/static/whnbe83dx68s33qxg2fkf8kocg8d89pm.zip,SHP,https://uwmadison.box.com/shared/static/wav4bhg4akqh2lqu68qu7vkg9ari0i7l.zip
DOUGLAS,C:\Users\csee\Downloads\V1.0.1_Wisconsin_Parcels_2015_uncompressed.gdb\V101_Wisconsin_Parcels_2015,GDB,https://uwmadison.box.com/shared/static/rj81egself82f3ymy7ia14tm4yehx3ra.zip,SHP,https://uwmadison.box.com/shared/static/kp0heka83gb5qfv43yw2nr76fvilgj3u.zip
DUNN,C:\Users\csee\Downloads\V1.0.1_Wisconsin_Parcels_2015_uncompressed.gdb\V101_Wisconsin_Parcels_2015,GDB,https://uwmadison.box.com/shared/static/k5yyuntzxjlge71k39wajumn4vwmuzvp.zip,SHP,https://uwmadison.box.com/shared/static/qv0f52z4pbgmjr98s99ynegs6dqfbj1r.zip
EAU CLAIRE,C:\Users\csee\Downloads\V1.0.1_Wisconsin_Parcels_2015_uncompressed.gdb\V101_Wisconsin_Parcels_2015,GDB,https://uwmadison.box.com/shared/static/q3tp2tjetpdimtee8gp339qekrsyxkwx.zip,SHP,https://uwmadison.box.com/shared/static/2296nssoybwnhov7nb4otkk9lvxbhpqe.zip
FLORENCE,C:\Users\csee\Downloads\V1.0.1_Wisconsin_Parcels_2015_uncompressed.gdb\V101_Wisconsin_Parcels_2015,GDB,https://uwmadison.box.com/shared/static/b17rlhtecs331uxbvp4k8k1tdggpi450.zip,SHP,https://uwmadison.box.com/shared/static/4yc0n12tb3e3xt3vk6jnvre9vite3wgu.zip
FOND DU LAC,C:\Users\csee\Downloads\V1.0.1_Wisconsin_Parcels_2015_uncompressed.gdb\V101_Wisconsin_Parcels_2015,GDB,https://uwmadison.box.com/shared/static/qm80ey3n7rfvx9h092hq30pex72k6foo.zip,SHP,https://uwmadison.box.com/shared/static/ty3m12ho9nwva55ew4jscwlzkrm2lt7b.zip
FOREST,C:\Users\csee\Downloads\V1.0.1_Wisconsin_Parcels_2015_uncompressed.gdb\V101_Wisconsin_Parcels_2015,GDB,https://uwmadison.box.com/shared/static/5g27c6rbwqgrlf4sixhj0gcmaowo1cx4.zip,SHP,https://uwmadison.box.com/shared/static/xusadahxj9fnqvdmtjz05lhhh2k4f6em.zip
GRANT,C:\Users\csee\Downloads\V1.0.1_Wisconsin_Parcels_2015_uncompressed.gdb\V101_Wisconsin_Parcels_2015,GDB,https://uwmadison.box.com/shared/static/dz867b5smygn82zv423ig6nry65q4mjv.zip,SHP,https://uwmadison.box.com/shared/static/79kwucwlkivk62u5dzctmopheimee1ge.zip
GREEN,C:\Users\csee\Downloads\V1.0.1_Wisconsin_Parcels_2015_uncompressed.gdb\V101_Wisconsin_Parcels_2015,GDB,https://uwmadison.box.com/shared/static/cgq2shtb2uzbt7lma12uvmyy26qepajv.zip,SHP,https://uwmadison.box.com/shared/static/z09pafr8r6ebszplo9illyqz7qu8w8jq.zip
GREEN LAKE,C:\Users\csee\Downloads\V1.0.1_Wisconsin_Parcels_2015_uncompressed.gdb\V101_Wisconsin_Parcels_2015,GDB,https://uwmadison.box.com/shared/static/sw3lhanr3a106l7om564irnwq2uyrols.zip,SHP,https://uwmadison.box.com/shared/static/i78iwklxdl1pqnx7pjqfi7hwqp1agw1n.zip
IOWA,C:\Users\csee\Downloads\V1.0.1_Wisconsin_Parcels_2015_uncompressed.gdb\V101_Wisconsin_Parcels_2015,GDB,https://uwmadison.box.com/shared/static/r984vgmobhytujgn3zfnnwx41bo6r9k5.zip,SHP,https://uwmadison.box.com/shared/static/dvh2k55xcl012a5ton5n94myuo835ky2.zip
IRON,C:\Users\csee\Downloads\V1.0.1_Wisconsin_Parcels_2015_uncompressed.gdb\V101_Wisconsin_Parcels_2015,GDB,https://uwmadison.box.com/shared/static/3rl8c0kj1yi7dbazbim2r319bsnrs1gq.zip,SHP,https://uwmadison.box.com/shared/static/fl8o7r3szoz6592y6x12naf12dagfyum.zip
JACKSON,C:\Users\csee\Downloads\V1.0.1_Wisconsin_Parcels_2015_uncompressed.gdb\V101_Wisconsin_Parcels_2015,GDB,https://uwmadison.box.com/shared/static/9t26yka04u48h99wae02pc0t8nn9pcx3.zip,SHP,https://uwmadison.box.com/shared/static/0kmcp0qt7024ee261e1zgs2jfew6703r.zip
JEFFERSON,C:\Users\csee\Downloads\V1.0.1_Wisconsin_Parcels_2015_uncompressed.gdb\V101_Wisconsin_Parcels_2015,GDB,https://uwmadison.box.com/shared/static/iu8uxotzqfdzax9x4htce3tvbyvnbxe5.zip,SHP,https://uwmadison.box.com/shared/static/vu5toomn4r6rbpyzpflxr2e99i5e7o38.zip
JUNEAU,C:\Users\csee\Downloads\V1.0.1_Wisconsin_Parcels_2015_uncompressed.gdb\V101_Wisconsin_Parcels_2015,GDB,https://uwmadison.box.com/shared/static/8x861hvxtjmtda1jilmto5ngw8z76blw.zip,SHP,https://uwmadison.box.com/shared/static/plqa78db6dnzwbv7gwie439fht5mxh1n.zip
KENOSHA,C:\Users\csee\Downloads\V1.0.1_Wisconsin_Parcels_2015_uncompressed.gdb\V101_Wisconsin_Parcels_2015,GDB,https://uwmadison.box.com/shared/static/xzzmk8pyr95awvmifu7x58yyua7fzlon.zip,SHP,https://uwmadison.box.com/shared/static/6x4cfh1ssxwp0j0gjqkefrnwovu0v6oj.zip
KEWAUNEE,C:\Users\csee\Downloads\V1.0.1_Wisconsin_Parcels_2015_uncompressed.gdb\V101_Wisconsin_Parcels_2015,GDB,https://uwmadison.box.com/shared/static/ubut944rruxzpz7j1vrh0b1ippv4axhh.zip,SHP,https://uwmadison.box.com/shared/static/pvgxvdy6x0fk3ka5oyy7dmdf86yezu3o.zip
LA CROSSE,C:\Users\csee\Downloads\V1.0.1_Wisconsin_Parcels_2015_uncompressed.gdb\V101_Wisconsin_Parcels_2015,GDB,https://uwmadison.box.com/shared/static/6lcqww5pe18yz4tdj1f47f6917we5b2r.zip,SHP,https://uwmadison.box.com/shared/static/ryoslqwsexsrn36v8w8hm4go806pv0hy.zip
LAFAYETTE,C:\Users\csee\Downloads\V1.0.1_Wisconsin_Parcels_2015_uncompressed.gdb\V101_Wisconsin_Parcels_2015,GDB,https://uwmadison.box.com/shared/static/o9pzfnxuakt9ij5tc351wc2pkrye0upd.zip,SHP,https://uwmadison.box.com/shared/static/7ulc96tsvc4hnerrjctnt1ok8ybhtcba.zip
LANGLADE,C:\Users\csee\Downloads\V1.0.1_Wisconsin_Parcels_2015_uncompressed.gdb\V101_Wisconsin_Parcels_2015,GDB,https://uwmadison.box.com/shared/static/dlc0cuwvubhld73pjpp43z334arbyd9h.zip,SHP,https://uwmadison.box.com/shared/static/uothggwhtcsjqwffyupddym1pdtnk2io.zip
LINCOLN,C:\Users\csee\Downloads\V1.0.1_Wisconsin_Parcels_2015_uncompressed.gdb\V101_Wisconsin_Parcels_2015,GDB,https://uwmadison.box.com/shared/static/7o0nmp6ddroipg0v6yzc3qz1zby9qweg.zip,SHP,https://uwmadison.box.com/shared/static/9q5903nvmlc5pru5m8jufswjjwjvsihm.zip
MANITOWOC,C:\Users\csee\Downloads\V1.0.1_Wisconsin_Parcels_2015_uncompressed.gdb\V101_Wisconsin_Parcels_2015,GDB,https://uwmadison.box.com/shared/static/ud610czpffzuclo1zgtnn9olf3xn534j.zip,SHP,https://uwmadison.box.com/shared/static/at43mmp6o8a29icb24bgj26brkkxb5xr.zip
MARATHON,C:\Users\csee\Downloads\V1.0.1_Wisconsin_Parcels_2015_uncompressed.gdb\V101_Wisconsin_Parcels_2015,GDB,https://uwmadison.box.com/shared/static/xagw0ffv3j3i2gv575iw3owl9o20jty1.zip,SHP,https://uwmadison.box.com/shared/static/751bktfenbfaktl4qs6g9lvhi4es2ff4.zip
MARINETTE,C:\Users\csee\Downloads\V1.0.1_Wisconsin_Parcels_2015_uncompressed.gdb\V101_Wisconsin_Parcels_2015,GDB,https://uwmadison.box.com/shared/static/6hph6jlv97to039334449prg51uqy00r.zip,SHP,https://uwmadison.box.com/shared/static/9wzjnmap51oeji2cevkr03hzlkkp1i9g.zip
MARQUETTE,C:\Users\csee\Downloads\V1.0.1_Wisconsin_Parcels_2015_uncompressed.gdb\V101_Wisconsin_Parcels_2015,GDB,https://uwmadison.box.com/shared/static/snui8vxyw9sqhzp48qsgvzhepo5rbgha.zip,SHP,https://uwmadison.box.com/shared/static/nybzsvwlws4jw6y1fdeg5wxwzkukzc72.zip
MENOMINEE,C:\Users\csee\Downloads\V1.0.1_Wisconsin_Parcels_2015_uncompressed.gdb\V101_Wisconsin_Parcels_2015,GDB,https://uwmadison.box.com/shared/static/nqztbpnccby70jesfcwadk2wyzdok0ds.zip,SHP,https://uwmadison.box.com/shared/static/792wdcogtcsxozca2e81467xkcqzpie3.zip
MILWAUKEE,C:\Users\csee\Downloads\V1.0.1_Wisconsin_Parcels_2015_uncompressed.gdb\V101_Wisconsin_Parcels_2015,GDB,https://uwmadison.box.com/shared/static/qlqzlfj7zgdv5t5zrwmwnlxvenjj2q8u.zip,SHP,https://uwmadison.box.com/shared/static/ddkvbrzird82l2hm5rk9fdtmv5kt5jeh.zip
MONROE,C:\Users\csee\Downloads\V1.0.1_Wisconsin_Parcels_2015_uncompressed.gdb\V101_Wisconsin_Parcels_2015,GDB,https://uwmadison.box.com/shared/static/dou4zqjjx0nho7ksbokjvopkh5p96mr9.zip,SHP,https://uwmadison.box.com/shared/static/e2ryifhwpal6gnzlxcfbug3fswnlq60v.zip
OCONTO,C:\Users\csee\Downloads\V1.0.1_Wisconsin_Parcels_2015_uncompressed.gdb\V101_Wisconsin_Parcels_2015,GDB,https://uwmadison.box.com/shared/static/44vi7m6u64kyew5grv7yvwkkjcf7qiz0.zip,SHP,https://uwmadison.box.com/shared/static/2e3yylfx0qmr3hn5hwidui06860pdckz.zip
ONEIDA,C:\Users\csee\Downloads\V1.0.1_Wisconsin_Parcels_2015_uncompressed.gdb\V101_Wisconsin_Parcels_2015,GDB,https://uwmadison.box.com/shared/static/qf7w7dnxzbzyqbzamn06mr46b8yl6qq0.zip,SHP,https://uwmadison.box.com/shared/static/dcyzvig9d9dpnn6m5p5c9nhr1i2tx18i.zip
OUTAGAMIE,C:\Users\csee\Downloads\V1.0.1_Wisconsin_Parcels_2015_uncompressed.gdb\V101_Wisconsin_Parcels_2015,GDB,https://uwmadison.box.com/shared/static/xk2nztbx0n424oj1eihrzy70krg7kh4k.zip,SHP,https://uwmadison.box.com/shared/static/q6lnukcuj7p8r6imp5m0fpr8ht7ziofq.zip
OZAUKEE,C:\Users\csee\Downloads\V1.0.1_Wisconsin_Parcels_2015_uncompressed.gdb\V101_Wisconsin_Parcels_2015,GDB,https://uwmadison.box.com/shared/static/0sbs7yg9jlha9kqtkq5q1oanu8ihllfg.zip,SHP,https://uwmadison.box.com/shared/static/xgggslhmt9tqnu2epncx552rx5modexo.zip
PEPIN,C:\Users\csee\Downloads\V1.0.1_Wisconsin_Parcels_2015_uncompressed.gdb\V101_Wisconsin_Parcels_2015,GDB,https://uwmadison.box.com/shared/static/wuxp9eefv4be9cghnqfaqhcuksdszotv.zip,SHP,https://uwmadison.box.com/shared/static/i40g93pcqjofoo0oi9zos772p967sao1.zip
PIERCE,C:\Users\csee\Downloads\V1.0.1_Wisconsin_Parcels_2015_uncompressed.gdb\V101_Wisconsin_Parcels_2015,GDB,https://uwmadison.box.com/shared/static/ubmj9mu23dzemwb0z5wt19zl411tzqyp.zip,SHP,https://uwmadison.box.com/shared/static/zpucdnebnqnox5w12vz6w7nyqhz1pqxm.zip
POLK,C:\Users\csee\Downloads\V1.0.1_Wisconsin_Parcels_2015_uncompressed.gdb\V101_Wisconsin_Parcels_2015,GDB,https://uwmadison.box.com/shared/static/snc3bhyi6qtb9obghmuvu578218u83n9.zip,SHP,https://uwmadison.box.com/shared/static/r3ms5a4p02dui3gtzc9znlsgpe63zh6y.zip
PORTAGE,C:\Users\csee\Downloads\V1.0.1_Wisconsin_Parcels_2015_uncompressed.gdb\V101_Wisconsin_Parcels_2015,GDB,https://uwmadison.box.com/shared/static/dol4d5xczp7hmjgd9v9perxmebe100ui.zip,SHP,https://uwmadison.box.com/shared/static/nw6bsqzs2gv6tz0x24fm5zc90f909u7w.zip
PRICE,C:\Users\csee\Downloads\V1.0.1_Wisconsin_Parcels_2015_uncompressed.gdb\V101_Wisconsin_Parcels_2015,GDB,https://uwmadison.box.com/shared/static/jm7dasz5jx6xb779jn2nbfa09imriqy2.zip,SHP,https://uwmadison.box.com/shared/static/kylka8qyh2r76gpmbt7x2mj0zd89ucro.zip
RACINE,C:\Users\csee\Downloads\V1.0.1_Wisconsin_Parcels_2015_uncompressed.gdb\V101_Wisconsin_Parcels_2015,GDB,https://uwmadison.box.com/shared/static/fpgk59yoytajxvg0l66pgxityj5o7kj8.zip,SHP,https://uwmadison.box.com/shared/static/h1ucfvxko1s18ylc7yvr3q5vngselw1q.zip
RICHLAND,C:\Users\csee\Downloads\V1.0.1_Wisconsin_Parcels_2015_uncompressed.gdb\V101_Wisconsin_Parcels_2015,GDB,https://uwmadison.box.com/shared/static/z9cxsox3cez14thphu2v9l2w6nu4tik3.zip,SHP,https://uwmadison.box.com/shared/static/90g1la0a0fxf2h7t4qgb3fznjhqma1lb.zip
ROCK,C:\Users\csee\Downloads\V1.0.1_Wisconsin_Parcels_2015_uncompressed.gdb\V101_Wisconsin_Parcels_2015,GDB,https://uwmadison.box.com/shared/static/skdneb7wxelgudrfu0kratwg0xc7h7fs.zip,SHP,https://uwmadison.box.com/shared/static/es5gksin92lxy9ro5anyip49ruhbbr8u.zip
RUSK,C:\Users\csee\Downloads\V1.0.1_Wisconsin_Parcels_2015_uncompressed.gdb\V101_Wisconsin_Parcels_2015,GDB,https://uwmadison.box.com/shared/static/d13cujzds14a7ur7mgzjz4p7ae6kw3pp.zip,SHP,https://uwmadison.box.com/shared/static/2s350i01z14rjnldqe8o0jurbqe6xdm3.zip
SAUK,C:\Users\csee\Downloads\V1.0.1_Wisconsin_Parcels_2015_uncompressed.gdb\V101_Wisconsin_Parcels_2015,GDB,https://uwmadison.box.com/shared/static/ep2neleeea4lo8zjvdux0rldmeqr1jy7.zip,SHP,https://uwmadison.box.com/shared/static/it1y5g72mpt0f5ya0pgd3dvupmqqnzdv.zip
SAWYER,C:\Users\csee\Downloads\V1.0.1_Wisconsin_Parcels_2015_uncompressed.gdb\V101_Wisconsin_Parcels_2015,GDB,https://uwmadison.box.com/shared/static/41uph15i9x7cfyklein03l9yeo9btc55.zip,SHP,https://uwmadison.box.com/shared/static/b8s78a0o7baop08a5e7rewc9uyiegj5x.zip
SHAWANO,C:\Users\csee\Downloads\V1.0.1_Wisconsin_Parcels_2015_uncompressed.gdb\V101_Wisconsin_Parcels_2015,GDB,https://uwmadison.box.com/shared/static/ssjm1dk7h2in8xerq5o9q7u5r14hn9q5.zip,SHP,https://uwmadison.box.com/shared/static/tkfk0hm50o08unambasfnc3v5gvretro.zip
SHEBOYGAN,C:\Users\csee\Downloads\V1.0.1_Wisconsin_Parcels_2015_uncompressed.gdb\V101_Wisconsin_Parcels_2015,GDB,https://uwmadison.box.com/shared/static/agz6kxv8ofv7rjodhc6tltnju0krfhlk.zip,SHP,https://uwmadison.box.com/shared/static/aqc7trznnmrl3c10vym6cm57b0koimmt.zip
ST CROIX,C:\Users\csee\Downloads\V1.0.1_Wisconsin_Parcels_2015_uncompressed.gdb\V101_Wisconsin_Parcels_2015,GDB,https://uwmadison.box.com/shared/static/3eggrcqyjapkcrv1kt43d25q2mlnc72p.zip,SHP,https://uwmadison.box.com/shared/static/74kt8luqf4b0vf85q3gi94xw4m0imio2.zip
TAYLOR,C:\Users\csee\Downloads\V1.0.1_Wisconsin_Parcels_2015_uncompressed.gdb\V101_Wisconsin_Parcels_2015,GDB,https://uwmadison.box.com/shared/static/3dlqa0i0sa70h6boxi43f638rsvyn09n.zip,SHP,https://uwmadison.box.com/shared/static/lca6pybbjiaxzi5pn6b269iyjhug896n.zip
TREMPEALEAU,C:\Users\csee\Downloads\V1.0.1_Wisconsin_Parcels_2015_uncompressed.gdb\V101_Wisconsin_Parcels_2015,GDB,https://uwmadison.box.com/shared/static/tuchfbx19ohm5t81rtxo2u1h8okzhs7z.zip,SHP,https://uwmadison.box.com/shared/static/5p6alhrzn17tm4wtoq9srxd0y29jdm48.zip
VERNON,C:\Users\csee\Downloads\V1.0.1_Wisconsin_Parcels_2015_uncompressed.gdb\V101_Wisconsin_Parcels_2015,GDB,https://uwmadison.box.com/shared/static/naqso5kzltuygfmzi850exvjbswrm9gn.zip,SHP,https://uwmadison.box.com/shared/static/jaot3ac90l7wrn71m1v0wy4dmg4jemvg.zip
VILAS,C:\Users\csee\Downloads\V1.0.1_Wisconsin_Parcels_2015_uncompressed.gdb\V101_Wisconsin_Parcels_2015,GDB,https://uwmadison.box.com/shared/static/nek9y8i0ze6f476sy2gnvd1urbgjid6x.zip,SHP,https://uwmadison.box.com/shared/static/v84lss86vtc00yyt53lqx8sskzjzice4.zip
WALWORTH,C:\Users\csee\Downloads\V1.0.1_Wisconsin_Parcels_2015_uncompressed.gdb\V101_Wisconsin_Parcels_2015,GDB,https://uwmadison.box.com/shared/static/285z64e03zyfsus4na5ivow32mcwqae6.zip,SHP,https://uwmadison.box.com/shared/static/wrmmkytvwqgnkzai0raaulp2loykefjt.zip
WASHBURN,C:\Users\csee\Downloads\V1.0.1_Wisconsin_Parcels_2015_uncompressed.gdb\V101_Wisconsin_Parcels_2015,GDB,https://uwmadison.box.com/shared/static/0y6fp676j2ihnxzmy49yyoimo58l8q0e.zip,SHP,https://uwmadison.box.com/shared/static/sg1q33dbwg27pinu3ls1f63va72rn0sr.zip
WASHINGTON,C:\Users\csee\Downloads\V1.0.1_Wisconsin_Parcels_2015_uncompressed.gdb\V101_Wisconsin_Parcels_2015,GDB,https://uwmadison.box.com/shared/static/ges3fkxyw06g3mrvvzlw3rw9liu6lojd.zip,SHP,https://uwmadison.box.com/shared/static/wvr9wjvgmq5uarrxp0zimhdi1w96bz9n.zip
WAUKESHA,C:\Users\csee\Downloads\V1.0.1_Wisconsin_Parcels_2015_uncompressed.gdb\V101_Wisconsin_Parcels_2015,GDB,https://uwmadison.box.com/shared/static/d0x7aiydv3vta9a43v1rk1ighvxraa9g.zip,SHP,https://uwmadison.box.com/shared/static/oef0ggkqpq0s1zhq1q3iow9yxkgnls8s.zip
WAUPACA,C:\Users\csee\Downloads\V1.0.1_Wisconsin_Parcels_2015_uncompressed.gdb\V101_Wisconsin_Parcels_2015,GDB,https://uwmadison.box.com/shared/static/7hz50abi8fc61lpxrrmm2axpg3d98k7g.zip,SHP,https://uwmadison.box.com/shared/static/6u0dlxzz58ld6tqqnxon3eoycbtifi8t.zip
WAUSHARA,C:\Users\csee\Downloads\V1.0.1_Wisconsin_Parcels_2015_uncompressed.gdb\V101_Wisconsin_Parcels_2015,GDB,https://uwmadison.box.com/shared/static/lt13dntnfgd4ypw4pjaeb9mc1gm6gu3o.zip,SHP,https://uwmadison.box.com/shared/static/bc2ouhe40t63mfjdtz5ekil924t56ji0.zip
WINNEBAGO,C:\Users\csee\Downloads\V1.0.1_Wisconsin_Parcels_2015_uncompressed.gdb\V101_Wisconsin_Parcels_2015,GDB,https://uwmadison.box.com/shared/static/aid8rp4i19yutfb5b9wi0l59b1x3klud.zip,SHP,https://uwmadison.box.com/shared/static/rnu8o1t7xqa52aj0jwevd1t8ez1kiaba.zip
WOOD,C:\Users\csee\Downloads\V1.0.1_Wisconsin_Parcels_2015_uncompressed.gdb\V101_Wisconsin_Parcels_2015,GDB,https://uwmadison.box.com/shared/static/2rw37bzx6c5ng7j8c6y8wucxwy3ep06a.zip,SHP,https://uwmadison.box.com/shared/static/zlm78h3roqxb4t9lv7neueihr50n1sud.zip
ADAMS,C:\00_SCO\00_Parcels\V4\02_Distribution\00_County_Data_Distribution\00_V400_Distribution_Tool\02_Statewide_Database\V4_Aggregation_PreLogic.gdb\V4_StatewideAggregation_PreLogic_00,GDB,https://uwmadison.box.com/shared/static/zwlwxaj71012k1u2ph2r3s8aavopbe7j.zip,SHP,https://uwmadison.box.com/shared/static/s7iatfvf1ps6upadlykb1nnz9mo5jwj1.zip
ASHLAND,C:\00_SCO\00_Parcels\V4\02_Distribution\00_County_Data_Distribution\00_V400_Distribution_Tool\02_Statewide_Database\V4_Aggregation_PreLogic.gdb\V4_StatewideAggregation_PreLogic_00,GDB,https://uwmadison.box.com/shared/static/eg0aqpl1js9346894ruedm5cenxfuswb.zip,SHP,https://uwmadison.box.com/shared/static/gmjftqwy8gj7gk5654lxrfrc1knmajv4.zip
BARRON,C:\00_SCO\00_Parcels\V4\02_Distribution\00_County_Data_Distribution\00_V400_Distribution_Tool\02_Statewide_Database\V4_Aggregation_PreLogic.gdb\V4_StatewideAggregation_PreLogic_00,GDB,https://uwmadison.box.com/shared/static/fh28fhfsg26cp7v3iogfe50cflfj11ig.zip,SHP,https://uwmadison.box.com/shared/static/0hnpcqxxsabdjd8wcqviapv5bvf7cfg4.zip
BAYFIELD,C:\00_SCO\00_Parcels\V4\02_Distribution\00_County_Data_Distribution\00_V400_Distribution_Tool\02_Statewide_Database\V4_Aggregation_PreLogic.gdb\V4_StatewideAggregation_PreLogic_00,GDB,https://uwmadison.box.com/shared/static/arrw73i5dj33k4u5u4utx2xi398yffag.zip,SHP,https://uwmadison.box.com/shared/static/thfaev7x2npeeu9vwaktpry0vhvoewle.zip
BROWN,C:\00_SCO\00_Parcels\V4\02_Distribution\00_County_Data_Distribution\00_V400_Distribution_Tool\02_Statewide_Database\V4_Aggregation_PreLogic.gdb\V4_StatewideAggregation_PreLogic_00,GDB,https://uwmadison.box.com/shared/static/7fiy0rxgh2ytoh13mzdqvwrz7lp7zall.zip,SHP,https://uwmadison.box.com/shared/static/3wsv9ci7nvygrqjprurip75t6vktkg9b.zip
BUFFALO,C:\00_SCO\00_Parcels\V4\02_Distribution\00_County_Data_Distribution\00_V400_Distribution_Tool\02_Statewide_Database\V4_Aggregation_PreLogic.gdb\V4_StatewideAggregation_PreLogic_00,GDB,https://uwmadison.box.com/shared/static/js8t4df3d8nd1e956m7uzrhy99g0me4w.zip,SHP,https://uwmadison.box.com/shared/static/aqxvjk7xz7xwp4rkrwqsmbn0waoy59c4.zip
BURNETT,C:\00_SCO\00_Parcels\V4\02_Distribution\00_County_Data_Distribution\00_V400_Distribution_Tool\02_Statewide_Database\V4_Aggregation_PreLogic.gdb\V4_StatewideAggregation_PreLogic_00,GDB,https://uwmadison.box.com/shared/static/2qljzpfgnz62fkww4ngaz7it7k8tmubp.zip,SHP,https://uwmadison.box.com/shared/static/i2uosu4koaf5omocj8hqx04ciytbpk3q.zip
CALUMET,C:\00_SCO\00_Parcels\V4\02_Distribution\00_County_Data_Distribution\00_V400_Distribution_Tool\02_Statewide_Database\V4_Aggregation_PreLogic.gdb\V4_StatewideAggregation_PreLogic_00,GDB,https://uwmadison.box.com/shared/static/ku39z7cynqwqtj7q479qvaiuo5iuig2d.zip,SHP,https://uwmadison.box.com/shared/static/ni7llysdc3yratcu9xrn8h2ogh4c7az5.zip
CHIPPEWA,C:\00_SCO\00_Parcels\V4\02_Distribution\00_County_Data_Distribution\00_V400_Distribution_Tool\02_Statewide_Database\V4_Aggregation_PreLogic.gdb\V4_StatewideAggregation_PreLogic_00,GDB,https://uwmadison.box.com/shared/static/o8gsegjpd1ziljhjcim75qhfo06jf6qw.zip,SHP,https://uwmadison.box.com/shared/static/tkkx5ovjz8ucn1pz84rgo3znm7m33tss.zip
